NAME,2000,2001,2002,2003,2004,2005,2006,2007,2008,2009,2010,2011,2012,2013,2014,2015,2016,2017,LIFE,,,,,,,,,,,,,,,,,,,,,,,,,,,,,,,,,,,,,,,,,,
Aruba,,,,,,,,,,,,,,,,,,,76.2,,,,,,,,,,,,,,,,,,,,,,,,,,,,,,,,,,,,,,,,,,
Afghanistan,,,9.4,8.9,9.8,9.9,10.6,9.9,10.3,9.8,8.6,8.6,7.9,8.8,9.5,10.1,11.0,11.8,64.5,,,,,,,,,,,,,,,,,,,,,,,,,,,,,,,,,,,,,,,,,,
Angola,1.9,4.5,3.3,3.5,4.0,2.9,2.7,3.0,3.3,3.8,2.7,2.6,2.4,2.7,2.4,2.6,2.7,2.8,60.8,,,,,,,,,,,,,,,,,,,,,,,,,,,,,,,,,,,,,,,,,,
Albania,,,,,,,,,,,,,,,,,,,78.5,,,,,,,,,,,,,,,,,,,,,,,,,,,,,,,,,,,,,,,,,,
Andorra,9.3,9.4,9.1,8.5,8.2,8.6,8.4,8.4,8.8,9.0,9.4,9.8,10.0,10.1,10.3,10.3,10.3,10.3,,,,,,,,,,,,,,,,,,,,,,,,,,,,,,,,,,,,,,,,,,,
Arab World,4.0,4.3,4.3,4.1,3.8,3.5,3.5,3.6,3.4,4.5,4.0,3.9,4.0,4.2,4.5,5.1,5.0,4.9,71.8,,,,,,,,,,,,,,,,,,,,,,,,,,,,,,,,,,,,,,,,,,
United Arab Emirates,2.4,2.5,2.7,2.6,2.5,2.3,2.3,2.6,2.9,4.0,3.9,3.7,3.4,3.6,3.6,3.6,3.4,3.3,77.8,,,,,,,,,,,,,,,,,,,,,,,,,,,,,,,,,,,,,,,,,,
Argentina,8.5,8.6,7.6,7.1,7.2,7.6,7.6,7.6,7.7,9.0,8.6,8.4,8.5,8.4,8.3,8.8,7.5,9.1,76.5,,,,,,,,,,,,,,,,,,,,,,,,,,,,,,,,,,,,,,,,,,
Armenia,4.2,4.6,7.6,7.2,6.1,5.9,5.9,5.5,6.6,8.4,9.2,9.4,9.1,10.3,10.2,10.1,10.0,10.4,74.9,,,,,,,,,,,,,,,,,,,,,,,,,,,,,,,,,,,,,,,,,,
American Samoa,,,,,,,,,,,,,,,,,,,,,,,,,,,,,,,,,,,,,,,,,,,,,,,,,,,,,,,,,,,,,
Antigua and Barbuda,4.5,5.3,5.4,5.8,5.3,5.0,4.7,4.7,4.4,4.4,5.2,5.3,5.2,5.4,5.3,4.7,4.4,4.5,76.9,,,,,,,,,,,,,,,,,,,,,,,,,,,,,,,,,,,,,,,,,,
Australia,7.6,7.7,7.9,7.9,8.1,8.0,8.0,8.1,8.3,8.6,8.4,8.5,8.7,8.8,9.0,9.3,9.2,9.2,82.7,,,,,,,,,,,,,,,,,,,,,,,,,,,,,,,,,,,,,,,,,,
Austria,9.2,9.3,9.4,9.5,9.7,9.6,9.5,9.5,9.7,10.2,10.2,10.0,10.2,10.3,10.4,10.4,10.4,10.4,81.7,,,,,,,,,,,,,,,,,,,,,,,,,,,,,,,,,,,,,,,,,,
Azerbaijan,3.9,3.7,3.7,5.9,7.2,7.4,5.8,4.7,4.1,5.2,4.8,4.5,4.9,5.1,5.5,6.7,6.7,6.7,72.9,,,,,,,,,,,,,,,,,,,,,,,,,,,,,,,,,,,,,,,,,,
Burundi,6.2,6.4,6.5,6.3,7.7,8.4,9.9,10.6,9.2,10.4,11.3,10.1,8.5,8.1,6.9,6.6,7.5,7.5,61.2,,,,,,,,,,,,,,,,,,,,,,,,,,,,,,,,,,,,,,,,,,
Belgium,7.9,8.1,8.3,9.1,9.1,9.0,8.9,8.9,9.3,10.1,10.0,10.1,10.3,10.4,10.4,10.3,10.3,10.3,81.6,,,,,,,,,,,,,,,,,,,,,,,,,,,,,,,,,,,,,,,,,,
Benin,4.2,4.4,4.2,4.1,4.2,4.0,4.1,4.0,3.7,3.9,4.1,4.2,4.7,3.9,3.6,4.0,3.9,3.7,61.5,,,,,,,,,,,,,,,,,,,,,,,,,,,,,,,,,,,,,,,,,,
Burkina Faso,3.3,3.2,3.3,3.5,4.7,4.4,5.1,5.9,5.2,5.7,5.9,5.2,5.2,6.3,5.6,5.8,7.0,6.9,61.2,,,,,,,,,,,,,,,,,,,,,,,,,,,,,,,,,,,,,,,,,,
Bangladesh,2.0,2.0,2.2,2.2,2.2,2.3,2.3,2.4,2.3,2.4,2.5,2.6,2.6,2.5,2.5,2.5,2.3,2.3,72.3,,,,,,,,,,,,,,,,,,,,,,,,,,,,,,,,,,,,,,,,,,
Bulgaria,5.9,6.9,7.1,7.3,6.9,6.9,6.6,6.2,6.3,6.6,7.1,7.1,7.6,7.9,8.5,8.2,8.2,8.1,75.0,,,,,,,,,,,,,,,,,,,,,,,,,,,,,,,,,,,,,,,,,,
Bahrain,3.6,3.7,3.9,4.0,3.5,3.2,3.1,3.3,3.3,4.1,3.8,3.6,4.1,4.3,4.4,5.0,4.9,4.7,77.2,,,,,,,,,,,,,,,,,,,,,,,,,,,,,,,,,,,,,,,,,,
"Bahamas, The",4.0,4.0,4.2,4.4,4.7,4.7,5.4,5.5,5.8,5.9,5.9,6.0,6.0,6.0,5.9,5.7,6.1,5.8,73.8,,,,,,,,,,,,,,,,,,,,,,,,,,,,,,,,,,,,,,,,,,
Bosnia and Herzegovina,7.7,7.3,7.1,8.0,9.1,9.1,9.2,9.5,9.7,9.0,9.0,9.2,9.5,9.5,9.5,9.3,9.2,8.9,77.3,,,,,,,,,,,,,,,,,,,,,,,,,,,,,,,,,,,,,,,,,,
Belarus,5.5,5.9,5.8,6.0,5.9,6.3,5.8,5.9,5.5,5.4,5.7,4.9,5.2,5.7,5.4,6.1,5.9,5.9,74.2,,,,,,,,,,,,,,,,,,,,,,,,,,,,,,,,,,,,,,,,,,
Belize,4.1,4.7,4.5,4.8,4.6,4.7,4.6,5.0,5.1,5.8,5.8,5.6,5.4,5.7,5.7,5.9,6.1,5.6,74.5,,,,,,,,,,,,,,,,,,,,,,,,,,,,,,,,,,,,,,,,,,
Bermuda,,,,,,,,,,,,,,,,,,,81.7,,,,,,,,,,,,,,,,,,,,,,,,,,,,,,,,,,,,,,,,,,
Bolivia,4.4,4.8,4.9,5.2,4.9,5.1,4.8,4.9,4.8,5.4,5.5,5.5,5.4,5.7,6.0,6.6,6.9,6.4,71.2,,,,,,,,,,,,,,,,,,,,,,,,,,,,,,,,,,,,,,,,,,
Brazil,8.3,8.5,8.7,8.2,8.1,8.0,8.3,8.2,8.0,8.4,7.9,7.8,7.7,8.0,8.4,8.9,9.2,9.5,75.7,,,,,,,,,,,,,,,,,,,,,,,,,,,,,,,,,,,,,,,,,,
Barbados,5.3,5.5,5.9,6.7,7.3,6.8,6.6,6.1,6.5,7.1,6.8,6.9,7.8,7.6,7.1,7.0,6.9,6.8,79.1,,,,,,,,,,,,,,,,,,,,,,,,,,,,,,,,,,,,,,,,,,
Brunei,2.5,2.5,2.5,2.6,2.5,2.2,1.9,1.9,1.9,2.4,2.3,1.9,1.9,1.9,1.9,2.4,2.5,2.4,75.7,,,,,,,,,,,,,,,,,,,,,,,,,,,,,,,,,,,,,,,,,,
Bhutan,4.3,4.9,4.5,4.0,4.5,4.0,4.3,4.0,3.3,3.5,3.5,3.3,3.5,3.6,3.5,3.7,3.5,3.2,71.5,,,,,,,,,,,,,,,,,,,,,,,,,,,,,,,,,,,,,,,,,,
Botswana,5.8,6.2,6.4,6.2,5.8,5.0,4.8,5.3,5.8,6.5,6.2,5.8,6.1,6.2,5.6,5.7,5.6,6.1,69.3,,,,,,,,,,,,,,,,,,,,,,,,,,,,,,,,,,,,,,,,,,
Central African Republic,4.4,3.9,4.3,4.6,4.2,4.8,4.5,4.8,4.0,4.3,3.7,3.8,3.9,4.8,4.9,6.3,4.3,5.8,52.8,,,,,,,,,,,,,,,,,,,,,,,,,,,,,,,,,,,,,,,,,,
Canada,8.3,8.7,8.9,9.0,9.1,9.1,9.3,9.4,9.6,10.7,10.7,10.4,10.3,10.2,10.1,10.5,10.7,10.6,81.9,,,,,,,,,,,,,,,,,,,,,,,,,,,,,,,,,,,,,,,,,,
Central Europe and the Baltics,5.7,5.9,6.2,6.4,6.4,6.4,6.2,6.1,6.4,6.9,6.8,6.5,6.6,6.7,6.6,6.5,6.6,6.6,77.0,,,,,,,,,,,,,,,,,,,,,,,,,,,,,,,,,,,,,,,,,,
Switzerland,9.8,10.2,10.6,10.9,11.0,10.8,10.2,10.0,10.2,10.8,10.7,10.8,11.1,11.3,11.5,11.9,12.2,12.3,83.8,,,,,,,,,,,,,,,,,,,,,,,,,,,,,,,,,,,,,,,,,,
Channel Islands,,,,,,,,,,,,,,,,,,,82.9,,,,,,,,,,,,,,,,,,,,,,,,,,,,,,,,,,,,,,,,,,
Chile,7.0,7.2,7.3,7.3,6.9,6.6,6.0,6.2,6.7,7.2,6.8,6.8,7.0,7.4,7.8,8.3,8.5,9.0,80.0,,,,,,,,,,,,,,,,,,,,,,,,,,,,,,,,,,,,,,,,,,
China,4.5,4.2,4.3,4.4,4.3,4.1,3.9,3.7,3.9,4.3,4.2,4.3,4.5,4.7,4.8,4.9,5.0,5.2,76.7,,,,,,,,,,,,,,,,,,,,,,,,,,,,,,,,,,,,,,,,,,
Ivory Coast,5.6,4.8,4.4,4.5,5.2,5.3,5.8,6.3,6.3,6.2,6.1,6.1,6.1,5.1,5.2,4.4,4.5,4.5,57.4,,,,,,,,,,,,,,,,,,,,,,,,,,,,,,,,,,,,,,,,,,
Cameroon,4.0,4.2,4.4,4.4,4.1,4.1,4.1,4.2,4.4,4.3,4.5,3.4,4.5,4.5,4.5,4.7,4.7,4.7,58.9,,,,,,,,,,,,,,,,,,,,,,,,,,,,,,,,,,,,,,,,,,
Democratic Republic of the Congo,1.6,2.7,2.7,3.8,4.4,4.3,4.5,4.4,5.1,4.6,4.0,3.4,3.6,3.6,4.0,3.9,3.9,4.0,60.4,,,,,,,,,,,,,,,,,,,,,,,,,,,,,,,,,,,,,,,,,,
Republic of the Congo,1.7,2.4,1.9,2.1,2.1,1.9,1.8,2.2,2.6,2.2,2.0,1.9,2.5,2.5,2.5,3.4,3.5,2.9,64.3,,,,,,,,,,,,,,,,,,,,,,,,,,,,,,,,,,,,,,,,,,
Colombia,5.7,6.0,5.8,5.8,5.8,6.1,6.4,6.5,6.9,7.3,7.1,6.8,6.8,7.3,7.1,7.3,7.2,7.2,77.1,,,,,,,,,,,,,,,,,,,,,,,,,,,,,,,,,,,,,,,,,,
Comoros,12.2,10.9,11.0,10.3,10.3,9.9,9.7,9.3,9.0,8.6,8.5,9.1,7.9,7.8,7.6,7.8,7.5,7.4,64.1,,,,,,,,,,,,,,,,,,,,,,,,,,,,,,,,,,,,,,,,,,
Cabo Verde,4.4,4.8,4.8,4.5,4.4,4.3,4.5,4.2,3.6,3.9,4.5,4.3,5.1,5.3,5.3,4.8,4.8,5.2,72.8,,,,,,,,,,,,,,,,,,,,,,,,,,,,,,,,,,,,,,,,,,
Costa Rica,6.6,6.5,6.9,7.0,6.7,6.7,7.0,7.0,7.5,7.9,8.1,8.2,7.9,7.9,7.9,7.8,7.5,7.3,80.1,,,,,,,,,,,,,,,,,,,,,,,,,,,,,,,,,,,,,,,,,,
Caribbean small states,4.8,4.6,4.8,4.7,5.0,4.8,4.9,4.9,4.8,5.5,5.4,5.2,5.3,5.4,5.4,5.8,6.2,6.1,73.6,,,,,,,,,,,,,,,,,,,,,,,,,,,,,,,,,,,,,,,,,,
Cuba,6.6,7.0,7.1,7.1,6.8,8.8,8.3,11.0,11.3,12.3,10.7,11.3,9.3,10.4,12.1,12.8,12.2,11.7,78.7,,,,,,,,,,,,,,,,,,,,,,,,,,,,,,,,,,,,,,,,,,
Curacao,,,,,,,,,,,,,,,,,,,,,,,,,,,,,,,,,,,,,,,,,,,,,,,,,,,,,,,,,,,,,
Cayman Islands,,,,,,,,,,,,,,,,,,,,,,,,,,,,,,,,,,,,,,,,,,,,,,,,,,,,,,,,,,,,,
Cyprus,5.3,5.3,5.6,5.6,5.4,5.4,5.5,5.4,6.0,6.5,6.3,6.6,6.7,6.9,6.8,6.8,6.8,6.7,80.8,,,,,,,,,,,,,,,,,,,,,,,,,,,,,,,,,,,,,,,,,,
Czech Republic,5.7,5.9,6.2,6.6,6.4,6.4,6.2,6.0,6.4,7.3,6.9,7.0,7.0,7.8,7.7,7.2,7.1,7.2,79.0,,,,,,,,,,,,,,,,,,,,,,,,,,,,,,,,,,,,,,,,,,
Germany,9.8,9.9,10.1,10.3,10.1,10.2,10.1,10.0,10.2,11.1,11.0,10.7,10.8,10.9,11.0,11.1,11.1,11.2,80.9,,,,,,,,,,,,,,,,,,,,,,,,,,,,,,,,,,,,,,,,,,
Djibouti,4.1,3.9,5.0,5.6,4.7,4.5,4.9,4.8,4.5,4.5,4.3,4.7,4.6,4.1,4.1,4.4,3.7,3.3,66.6,,,,,,,,,,,,,,,,,,,,,,,,,,,,,,,,,,,,,,,,,,
Dominica,5.2,5.3,5.4,5.3,5.1,5.2,5.2,5.4,5.5,5.6,5.6,5.3,5.8,5.3,5.5,5.4,5.2,5.9,,,,,,,,,,,,,,,,,,,,,,,,,,,,,,,,,,,,,,,,,,,
Denmark,8.1,8.4,8.7,8.9,9.0,9.1,9.2,9.3,9.5,10.7,10.3,10.2,10.2,10.2,10.2,10.2,10.2,10.1,81.0,,,,,,,,,,,,,,,,,,,,,,,,,,,,,,,,,,,,,,,,,,
Dominican Republic,4.9,4.9,5.0,4.4,4.3,4.4,4.0,4.2,4.7,5.1,5.6,5.7,5.9,5.8,5.8,6.0,6.1,6.1,73.9,,,,,,,,,,,,,,,,,,,,,,,,,,,,,,,,,,,,,,,,,,
Algeria,3.5,3.8,3.7,3.6,3.5,3.2,3.4,3.8,4.2,5.4,5.1,5.3,6.0,6.0,6.5,7.0,6.6,6.4,76.7,,,,,,,,,,,,,,,,,,,,,,,,,,,,,,,,,,,,,,,,,,
East Asia & Pacific (excluding high income),4.0,3.9,3.9,4.0,3.9,3.9,3.7,3.6,3.7,4.1,4.0,4.1,4.3,4.5,4.6,4.7,4.8,4.9,75.2,,,,,,,,,,,,,,,,,,,,,,,,,,,,,,,,,,,,,,,,,,
Early-demographic dividend,4.9,5.1,4.8,4.9,4.9,4.8,4.8,4.8,4.8,5.2,5.0,4.9,5.0,5.0,5.0,5.1,5.0,5.0,70.5,,,,,,,,,,,,,,,,,,,,,,,,,,,,,,,,,,,,,,,,,,
East Asia & Pacific,6.2,6.2,6.2,6.3,6.3,6.2,6.0,5.8,6.0,6.4,6.3,6.8,6.8,6.6,6.5,6.5,6.6,6.6,76.1,,,,,,,,,,,,,,,,,,,,,,,,,,,,,,,,,,,,,,,,,,
Europe & Central Asia (excluding high income),4.9,5.2,5.5,5.4,5.1,5.1,5.1,5.1,5.1,5.7,5.2,4.9,5.0,5.1,5.1,5.1,5.2,5.2,73.6,,,,,,,,,,,,,,,,,,,,,,,,,,,,,,,,,,,,,,,,,,
Europe & Central Asia,7.8,8.0,8.2,8.5,8.4,8.4,8.4,8.2,8.4,9.3,9.0,8.9,8.9,9.1,9.2,9.3,9.3,9.3,77.9,,,,,,,,,,,,,,,,,,,,,,,,,,,,,,,,,,,,,,,,,,
Ecuador,3.3,3.7,4.5,5.4,5.6,5.6,5.7,5.9,5.8,6.4,7.1,7.9,8.5,8.6,8.6,8.6,8.3,8.3,76.8,,,,,,,,,,,,,,,,,,,,,,,,,,,,,,,,,,,,,,,,,,
Egypt,4.9,5.4,5.5,5.2,4.9,4.9,4.8,4.4,4.5,4.4,4.2,4.4,4.6,4.7,4.7,5.3,5.4,5.3,71.8,,,,,,,,,,,,,,,,,,,,,,,,,,,,,,,,,,,,,,,,,,
Euro area,8.6,8.7,9.0,9.2,9.2,9.3,9.3,9.2,9.4,10.2,10.2,10.1,10.2,10.2,10.3,10.2,10.2,10.1,82.1,,,,,,,,,,,,,,,,,,,,,,,,,,,,,,,,,,,,,,,,,,
Eritrea,4.5,4.6,5.2,5.7,5.4,5.3,5.3,4.1,3.9,4.4,3.5,4.1,2.9,2.8,2.8,2.9,2.9,2.9,65.9,,,,,,,,,,,,,,,,,,,,,,,,,,,,,,,,,,,,,,,,,,
Spain,6.8,6.8,6.8,7.5,7.6,7.7,7.8,7.8,8.3,9.0,9.0,9.1,9.1,9.0,9.0,9.1,9.0,8.9,83.4,,,,,,,,,,,,,,,,,,,,,,,,,,,,,,,,,,,,,,,,,,
Estonia,5.2,4.8,4.7,4.9,5.2,5.1,4.8,5.0,5.8,6.5,6.3,5.8,5.8,6.0,6.1,6.4,6.5,6.4,78.2,,,,,,,,,,,,,,,,,,,,,,,,,,,,,,,,,,,,,,,,,,
Ethiopia,4.4,4.7,4.7,4.9,4.3,4.1,4.5,5.0,4.3,4.6,5.5,4.5,4.5,4.1,4.0,3.9,3.9,3.5,66.2,,,,,,,,,,,,,,,,,,,,,,,,,,,,,,,,,,,,,,,,,,
European Union,8.4,8.6,8.8,9.0,9.0,9.0,9.0,8.9,9.2,9.9,9.8,9.8,9.9,10.0,10.0,9.9,9.9,9.9,81.0,,,,,,,,,,,,,,,,,,,,,,,,,,,,,,,,,,,,,,,,,,
Fragile and conflict affected situations,5.1,5.6,5.1,5.6,5.1,4.7,5.1,5.0,4.6,5.3,4.8,4.6,4.5,4.4,4.5,4.4,4.4,4.7,61.5,,,,,,,,,,,,,,,,,,,,,,,,,,,,,,,,,,,,,,,,,,
Finland,6.8,7.0,7.4,7.7,7.8,8.0,8.0,7.8,8.1,8.9,8.9,9.0,9.3,8.7,9.5,9.7,9.4,9.2,81.7,,,,,,,,,,,,,,,,,,,,,,,,,,,,,,,,,,,,,,,,,,
Fiji,3.7,3.2,3.2,3.2,3.6,3.6,3.7,3.7,3.4,3.8,3.7,3.4,3.5,3.5,3.6,3.6,3.5,3.5,67.3,,,,,,,,,,,,,,,,,,,,,,,,,,,,,,,,,,,,,,,,,,
France,9.6,9.7,10.0,10.1,10.2,10.2,10.4,10.3,10.5,11.3,11.2,11.2,11.3,11.4,11.6,11.5,11.5,11.3,82.7,,,,,,,,,,,,,,,,,,,,,,,,,,,,,,,,,,,,,,,,,,
Faroe Islands,,,,,,,,,,,,,,,,,,,82.5,,,,,,,,,,,,,,,,,,,,,,,,,,,,,,,,,,,,,,,,,,
"Micronesia, Fed. Sts.",7.8,8.5,7.9,9.6,12.0,17.7,10.7,11.1,12.0,12.6,13.1,13.1,12.3,12.2,11.8,12.5,12.6,12.4,67.8,,,,,,,,,,,,,,,,,,,,,,,,,,,,,,,,,,,,,,,,,,
Gabon,2.9,3.2,3.3,3.5,3.3,2.9,3.1,3.2,2.8,3.8,2.5,2.6,2.4,2.8,2.5,2.7,3.1,2.8,66.2,,,,,,,,,,,,,,,,,,,,,,,,,,,,,,,,,,,,,,,,,,
United Kingdom,6.0,6.3,6.6,6.8,7.0,7.2,7.3,7.4,7.6,8.5,8.4,8.4,8.3,9.8,9.8,9.7,9.7,9.6,81.3,,,,,,,,,,,,,,,,,,,,,,,,,,,,,,,,,,,,,,,,,,
Georgia,7.4,7.4,8.0,8.3,8.3,8.3,7.8,7.6,8.7,9.8,9.5,8.4,8.4,8.4,8.4,7.9,8.4,7.6,73.6,,,,,,,,,,,,,,,,,,,,,,,,,,,,,,,,,,,,,,,,,,
Ghana,2.8,3.2,2.8,2.8,2.9,3.8,3.8,4.0,4.1,4.6,4.6,4.7,4.1,4.6,4.1,4.6,3.5,3.3,63.8,,,,,,,,,,,,,,,,,,,,,,,,,,,,,,,,,,,,,,,,,,
Gibraltar,,,,,,,,,,,,,,,,,,,,,,,,,,,,,,,,,,,,,,,,,,,,,,,,,,,,,,,,,,,,,
Guinea,3.5,3.6,4.1,3.6,3.3,3.1,2.9,3.1,2.9,3.0,3.0,3.8,3.5,3.5,4.8,5.8,5.3,4.1,61.2,,,,,,,,,,,,,,,,,,,,,,,,,,,,,,,,,,,,,,,,,,
"Gambia, The",2.7,2.4,2.4,2.3,2.5,2.8,3.3,3.6,3.5,3.5,3.4,4.0,3.9,4.1,3.5,3.1,3.0,3.3,61.7,,,,,,,,,,,,,,,,,,,,,,,,,,,,,,,,,,,,,,,,,,
Guinea Bissau,7.7,6.8,6.3,6.6,8.0,7.7,7.3,7.6,7.3,7.2,6.6,6.0,5.7,6.9,9.5,8.6,8.0,7.2,58.0,,,,,,,,,,,,,,,,,,,,,,,,,,,,,,,,,,,,,,,,,,
Equatorial Guinea,2.3,2.3,2.4,2.0,1.7,1.5,1.5,1.6,1.8,1.8,1.8,1.6,1.3,1.9,2.2,2.9,3.2,3.1,58.4,,,,,,,,,,,,,,,,,,,,,,,,,,,,,,,,,,,,,,,,,,
Greece,,,,,8.1,8.6,8.3,8.5,8.9,9.5,9.6,9.1,8.9,8.4,7.9,8.1,8.3,8.0,81.8,,,,,,,,,,,,,,,,,,,,,,,,,,,,,,,,,,,,,,,,,,
Grenada,5.3,5.6,6.0,5.4,5.3,5.5,6.0,5.9,5.8,6.1,6.2,6.2,5.9,5.7,4.7,4.7,4.7,4.8,72.4,,,,,,,,,,,,,,,,,,,,,,,,,,,,,,,,,,,,,,,,,,
Greenland,,,,,,,,,,,,,,,,,,,,,,,,,,,,,,,,,,,,,,,,,,,,,,,,,,,,,,,,,,,,,
Guatemala,5.7,6.4,6.3,6.5,6.5,6.4,6.6,6.4,6.3,6.4,6.1,5.9,6.0,6.2,5.9,6.0,6.0,5.8,74.1,,,,,,,,,,,,,,,,,,,,,,,,,,,,,,,,,,,,,,,,,,
Guam,,,,,,,,,,,,,,,,,,,79.9,,,,,,,,,,,,,,,,,,,,,,,,,,,,,,,,,,,,,,,,,,
Guyana,3.9,4.0,4.2,4.3,4.9,5.2,5.0,5.2,4.9,5.2,5.5,5.2,4.9,5.1,5.1,4.5,5.1,4.9,69.8,,,,,,,,,,,,,,,,,,,,,,,,,,,,,,,,,,,,,,,,,,
High income,9.4,9.9,10.3,10.5,10.4,10.4,10.5,10.4,10.6,11.6,11.5,11.6,11.7,11.8,12.0,12.4,12.6,12.5,80.7,,,,,,,,,,,,,,,,,,,,,,,,,,,,,,,,,,,,,,,,,,
"Hong Kong SAR, China",,,,,,,,,,,,,,,,,,,84.9,,,,,,,,,,,,,,,,,,,,,,,,,,,,,,,,,,,,,,,,,,
Honduras,6.4,6.1,6.4,6.9,7.0,7.7,8.1,8.2,8.6,8.9,8.7,8.8,8.6,8.5,8.2,7.7,8.2,7.9,75.1,,,,,,,,,,,,,,,,,,,,,,,,,,,,,,,,,,,,,,,,,,
Heavily indebted poor countries (HIPC),4.3,4.7,4.8,5.0,5.3,5.4,5.6,5.6,5.4,5.8,5.6,5.4,5.4,5.4,5.3,5.6,5.4,5.2,63.1,,,,,,,,,,,,,,,,,,,,,,,,,,,,,,,,,,,,,,,,,,
Croatia,7.7,7.2,6.2,6.4,6.6,6.9,7.0,7.5,7.7,8.2,8.1,7.8,7.8,6.5,6.7,6.8,6.8,6.8,78.1,,,,,,,,,,,,,,,,,,,,,,,,,,,,,,,,,,,,,,,,,,
Haiti,6.9,6.6,6.0,5.8,5.9,5.5,5.5,5.9,6.0,6.2,8.1,10.2,9.7,7.2,7.8,8.6,8.4,8.0,63.7,,,,,,,,,,,,,,,,,,,,,,,,,,,,,,,,,,,,,,,,,,
Hungary,6.8,6.8,7.1,8.1,7.8,8.0,7.8,7.2,7.1,7.2,7.5,7.5,7.5,7.3,7.1,7.0,7.1,6.9,76.1,,,,,,,,,,,,,,,,,,,,,,,,,,,,,,,,,,,,,,,,,,
IBRD only,5.3,5.3,5.2,5.2,5.1,5.1,5.1,5.0,5.0,5.4,5.2,5.1,5.2,5.3,5.3,5.4,5.4,5.5,73.4,,,,,,,,,,,,,,,,,,,,,,,,,,,,,,,,,,,,,,,,,,
IDA & IBRD total,5.1,5.2,5.1,5.1,5.1,5.0,5.0,4.9,5.0,5.3,5.1,5.1,5.1,5.2,5.2,5.3,5.3,5.4,71.1,,,,,,,,,,,,,,,,,,,,,,,,,,,,,,,,,,,,,,,,,,
IDA total,3.6,3.7,3.7,4.3,4.2,4.3,4.4,4.4,4.2,4.3,4.2,4.1,4.1,4.2,4.2,4.3,4.2,4.1,64.2,,,,,,,,,,,,,,,,,,,,,,,,,,,,,,,,,,,,,,,,,,
IDA blend,3.3,3.3,3.0,4.0,3.8,3.9,3.9,3.8,3.7,3.6,3.6,3.4,3.5,3.6,3.6,3.7,3.9,3.8,62.2,,,,,,,,,,,,,,,,,,,,,,,,,,,,,,,,,,,,,,,,,,
Indonesia,1.9,2.2,2.0,2.3,2.2,2.6,2.7,2.9,2.6,2.7,3.0,3.0,2.9,3.0,3.1,3.0,3.1,3.0,71.5,,,,,,,,,,,,,,,,,,,,,,,,,,,,,,,,,,,,,,,,,,
IDA only,3.8,4.1,4.3,4.5,4.7,4.8,4.9,4.9,4.9,5.1,4.9,4.8,4.8,4.8,4.8,4.9,4.6,4.5,65.3,,,,,,,,,,,,,,,,,,,,,,,,,,,,,,,,,,,,,,,,,,
Isle of Man,,,,,,,,,,,,,,,,,,,,,,,,,,,,,,,,,,,,,,,,,,,,,,,,,,,,,,,,,,,,,
India,4.0,4.3,4.2,4.0,4.0,3.8,3.6,3.5,3.5,3.5,3.3,3.2,3.3,3.7,3.6,3.6,3.5,3.5,69.4,,,,,,,,,,,,,,,,,,,,,,,,,,,,,,,,,,,,,,,,,,
Not classified,,,,,,,,,,,,,,,,,,,,,,,,,,,,,,,,,,,,,,,,,,,,,,,,,,,,,,,,,,,,,
Ireland,5.9,6.4,6.7,7.0,7.2,7.6,7.5,7.8,9.1,10.5,10.5,10.7,10.7,10.3,9.7,7.3,7.4,7.2,82.3,,,,,,,,,,,,,,,,,,,,,,,,,,,,,,,,,,,,,,,,,,
Iran,4.7,5.1,4.8,5.1,5.2,5.3,5.2,5.0,5.3,6.6,6.8,6.6,6.6,6.0,6.9,7.8,8.9,8.7,76.5,,,,,,,,,,,,,,,,,,,,,,,,,,,,,,,,,,,,,,,,,,
Iraq,,,,3.0,3.8,2.9,2.4,3.1,3.0,3.8,3.2,2.8,2.7,2.8,2.8,3.1,3.3,4.2,70.5,,,,,,,,,,,,,,,,,,,,,,,,,,,,,,,,,,,,,,,,,,
Iceland,9.0,8.8,9.5,10.0,9.5,9.1,8.8,8.6,8.6,8.9,8.5,8.3,8.2,8.2,8.3,8.2,8.1,8.3,82.9,,,,,,,,,,,,,,,,,,,,,,,,,,,,,,,,,,,,,,,,,,
Israel,6.8,7.2,7.2,7.1,7.0,7.1,6.9,6.9,7.0,7.1,7.0,7.0,7.1,7.1,7.1,7.1,7.3,7.4,82.8,,,,,,,,,,,,,,,,,,,,,,,,,,,,,,,,,,,,,,,,,,
Italy,7.6,7.8,7.9,7.9,8.2,8.4,8.5,8.2,8.6,9.0,9.0,8.8,9.0,9.0,9.0,9.0,8.9,8.8,83.3,,,,,,,,,,,,,,,,,,,,,,,,,,,,,,,,,,,,,,,,,,
Jamaica,5.8,5.3,4.9,4.6,5.3,4.4,4.5,5.1,5.4,4.8,5.0,4.9,5.0,5.2,5.2,5.7,5.7,6.0,74.4,,,,,,,,,,,,,,,,,,,,,,,,,,,,,,,,,,,,,,,,,,
Jordan,9.6,9.9,9.7,9.1,9.0,8.9,8.1,8.3,8.8,9.5,8.4,8.3,7.9,7.2,7.3,7.6,7.2,8.1,74.4,,,,,,,,,,,,,,,,,,,,,,,,,,,,,,,,,,,,,,,,,,
Japan,7.2,7.4,7.5,7.6,7.7,7.8,7.8,7.9,8.2,9.1,9.2,10.6,10.8,10.8,10.8,10.9,10.8,10.9,84.2,,,,,,,,,,,,,,,,,,,,,,,,,,,,,,,,,,,,,,,,,,
Kazakhstan,4.2,3.5,3.6,3.7,4.0,3.9,3.4,2.7,3.0,3.5,2.7,2.7,3.1,2.9,2.7,3.0,3.4,3.1,73.2,,,,,,,,,,,,,,,,,,,,,,,,,,,,,,,,,,,,,,,,,,
Kenya,4.6,4.8,5.0,5.2,5.3,5.3,5.9,6.0,6.0,6.0,6.1,5.8,5.6,5.5,5.5,5.2,5.0,4.8,66.3,,,,,,,,,,,,,,,,,,,,,,,,,,,,,,,,,,,,,,,,,,
Kyrgyzstan,4.4,4.3,4.6,5.8,6.2,7.5,8.3,6.9,6.5,6.9,7.0,7.1,8.5,8.2,7.4,7.1,6.4,6.2,71.4,,,,,,,,,,,,,,,,,,,,,,,,,,,,,,,,,,,,,,,,,,
Cambodia,6.5,7.0,7.2,6.9,7.1,6.9,6.1,4.9,6.6,7.6,6.9,7.5,7.3,7.1,6.7,6.2,6.1,5.9,69.6,,,,,,,,,,,,,,,,,,,,,,,,,,,,,,,,,,,,,,,,,,
Kiribati,8.6,12.3,11.9,10.7,12.4,11.5,11.6,11.4,14.1,13.4,9.2,8.6,8.6,9.5,9.9,8.0,9.3,10.8,68.1,,,,,,,,,,,,,,,,,,,,,,,,,,,,,,,,,,,,,,,,,,
St. Kitts and Nevis,4.7,4.2,4.3,4.6,4.3,4.5,4.9,4.6,5.2,5.3,5.3,5.3,5.2,5.2,4.8,4.9,5.0,5.0,,,,,,,,,,,,,,,,,,,,,,,,,,,,,,,,,,,,,,,,,,,
South Korea,4.0,4.6,4.3,4.6,4.6,4.8,5.2,5.4,5.7,6.1,6.2,6.3,6.4,6.6,6.8,7.0,7.3,7.6,82.6,,,,,,,,,,,,,,,,,,,,,,,,,,,,,,,,,,,,,,,,,,
Kuwait,2.5,3.6,3.6,3.2,2.8,2.4,2.3,2.1,1.9,3.9,2.8,2.6,2.6,2.6,3.2,4.0,4.0,5.3,75.4,,,,,,,,,,,,,,,,,,,,,,,,,,,,,,,,,,,,,,,,,,
Latin America & Caribbean (excluding high income),6.5,6.7,6.5,6.7,6.7,6.8,7.0,7.1,7.0,7.6,7.3,7.2,7.1,7.2,7.3,7.7,7.7,8.0,75.2,,,,,,,,,,,,,,,,,,,,,,,,,,,,,,,,,,,,,,,,,,
Laos,4.3,4.3,3.7,4.5,3.5,3.3,2.9,3.2,2.8,3.5,2.9,1.9,2.1,2.4,2.3,2.5,2.4,2.5,67.6,,,,,,,,,,,,,,,,,,,,,,,,,,,,,,,,,,,,,,,,,,
Lebanon,10.8,10.6,9.3,8.7,8.0,7.6,8.7,8.5,7.8,7.0,7.4,8.1,7.9,7.6,7.8,7.7,7.8,8.2,78.9,,,,,,,,,,,,,,,,,,,,,,,,,,,,,,,,,,,,,,,,,,
Liberia,4.0,3.3,2.8,3.1,7.8,8.9,7.4,9.3,7.4,9.4,8.8,9.2,8.6,8.2,9.1,10.3,9.8,8.2,63.7,,,,,,,,,,,,,,,,,,,,,,,,,,,,,,,,,,,,,,,,,,
Libya,3.4,4.1,4.9,4.1,3.5,2.6,2.5,2.4,2.6,4.3,3.6,6.1,,,,,,,72.7,,,,,,,,,,,,,,,,,,,,,,,,,,,,,,,,,,,,,,,,,,
St. Lucia,5.4,5.7,6.0,5.9,5.3,5.4,5.7,5.8,5.6,5.7,5.4,5.6,5.6,5.8,5.0,4.8,5.2,4.5,76.1,,,,,,,,,,,,,,,,,,,,,,,,,,,,,,,,,,,,,,,,,,
Latin America & Caribbean,6.6,6.7,6.5,6.7,6.7,6.7,6.9,7.0,7.0,7.6,7.3,7.2,7.1,7.2,7.3,7.7,7.7,8.0,75.4,,,,,,,,,,,,,,,,,,,,,,,,,,,,,,,,,,,,,,,,,,
Least developed countries: UN classification,3.4,3.9,4.1,4.3,4.5,4.5,4.6,4.6,4.4,4.8,4.4,4.2,4.2,4.3,4.3,4.5,4.3,4.1,65.0,,,,,,,,,,,,,,,,,,,,,,,,,,,,,,,,,,,,,,,,,,
Low income,4.2,4.7,4.9,5.3,5.4,5.4,5.6,5.7,5.8,6.3,6.0,5.8,5.6,5.8,5.8,6.0,5.9,5.7,63.5,,,,,,,,,,,,,,,,,,,,,,,,,,,,,,,,,,,,,,,,,,
Liechtenstein,,,,,,,,,,,,,,,,,,,83.0,,,,,,,,,,,,,,,,,,,,,,,,,,,,,,,,,,,,,,,,,,
Sri Lanka,4.2,4.2,4.2,3.8,4.2,4.0,4.0,4.0,4.0,4.2,3.9,3.7,3.4,3.8,3.6,3.9,3.9,3.8,76.8,,,,,,,,,,,,,,,,,,,,,,,,,,,,,,,,,,,,,,,,,,
Lower middle income,4.0,4.2,4.1,4.2,4.1,4.1,4.1,4.0,4.0,4.1,3.9,3.9,4.0,4.3,4.1,4.2,4.1,4.0,68.4,,,,,,,,,,,,,,,,,,,,,,,,,,,,,,,,,,,,,,,,,,
Low & middle income,5.1,5.2,5.0,5.1,5.0,5.0,5.0,4.9,4.9,5.3,5.1,5.0,5.1,5.2,5.2,5.2,5.3,5.4,71.0,,,,,,,,,,,,,,,,,,,,,,,,,,,,,,,,,,,,,,,,,,
Lesotho,5.9,6.4,6.0,5.6,5.6,5.1,5.7,6.8,7.2,8.4,7.6,8.8,8.6,9.0,8.6,8.4,7.9,8.8,53.7,,,,,,,,,,,,,,,,,,,,,,,,,,,,,,,,,,,,,,,,,,
Late-demographic dividend,5.4,5.3,5.3,5.2,5.1,5.1,5.0,4.9,5.0,5.5,5.3,5.2,5.2,5.3,5.4,5.4,5.5,5.7,76.2,,,,,,,,,,,,,,,,,,,,,,,,,,,,,,,,,,,,,,,,,,
Lithuania,6.2,6.0,6.1,6.2,5.5,5.6,5.8,5.8,6.3,7.4,6.8,6.5,6.3,6.1,6.2,6.5,6.6,6.5,75.7,,,,,,,,,,,,,,,,,,,,,,,,,,,,,,,,,,,,,,,,,,
Luxembourg,5.9,6.4,6.7,7.0,7.3,7.2,6.7,6.2,6.5,7.3,7.0,6.1,6.6,5.7,5.6,5.5,5.5,5.5,82.3,,,,,,,,,,,,,,,,,,,,,,,,,,,,,,,,,,,,,,,,,,
Latvia,5.4,5.8,5.8,5.5,6.2,5.9,5.7,5.8,5.6,6.2,6.1,5.6,5.4,5.4,5.5,5.7,6.2,6.0,74.8,,,,,,,,,,,,,,,,,,,,,,,,,,,,,,,,,,,,,,,,,,
"Macao SAR, China",,,,,,,,,,,,,,,,,,,84.1,,,,,,,,,,,,,,,,,,,,,,,,,,,,,,,,,,,,,,,,,,
St. Martin (French part),,,,,,,,,,,,,,,,,,,79.9,,,,,,,,,,,,,,,,,,,,,,,,,,,,,,,,,,,,,,,,,,
Morocco,4.0,4.1,4.4,4.6,4.7,4.8,4.9,5.4,5.3,5.8,5.9,5.7,5.7,5.7,5.3,5.1,5.2,5.2,76.5,,,,,,,,,,,,,,,,,,,,,,,,,,,,,,,,,,,,,,,,,,
Monaco,1.7,1.8,1.8,2.1,2.1,2.1,2.0,1.8,1.9,2.3,2.3,2.2,2.2,2.1,2.1,2.0,1.7,1.8,,,,,,,,,,,,,,,,,,,,,,,,,,,,,,,,,,,,,,,,,,,
Moldova,4.9,5.2,6.2,5.9,7.5,8.0,8.8,9.2,9.1,11.4,10.1,9.1,9.1,8.7,8.6,8.6,7.5,7.0,71.8,,,,,,,,,,,,,,,,,,,,,,,,,,,,,,,,,,,,,,,,,,
Madagascar,5.2,5.6,5.8,5.5,6.1,6.0,5.9,5.2,4.7,5.0,5.3,5.2,4.4,4.2,5.1,5.7,6.1,5.5,66.7,,,,,,,,,,,,,,,,,,,,,,,,,,,,,,,,,,,,,,,,,,
Maldives,7.7,8.2,8.8,6.8,7.5,8.8,8.0,8.3,11.5,10.1,8.5,7.9,8.7,8.1,7.9,8.7,10.2,9.0,78.6,,,,,,,,,,,,,,,,,,,,,,,,,,,,,,,,,,,,,,,,,,
Middle East & North Africa,4.5,4.8,4.8,4.7,4.4,4.1,4.0,4.1,4.0,5.0,4.7,4.7,4.7,4.7,5.1,5.6,5.8,5.7,74.1,,,,,,,,,,,,,,,,,,,,,,,,,,,,,,,,,,,,,,,,,,
Mexico,4.4,4.8,5.1,5.8,6.0,5.8,5.7,5.8,5.7,6.1,6.0,5.7,5.8,5.9,5.6,5.8,5.6,5.5,75.0,,,,,,,,,,,,,,,,,,,,,,,,,,,,,,,,,,,,,,,,,,
Marshall Islands,19.7,17.2,15.1,14.7,17.5,21.6,21.5,17.5,16.9,16.1,15.2,14.8,14.5,14.8,14.9,17.6,17.9,16.4,,,,,,,,,,,,,,,,,,,,,,,,,,,,,,,,,,,,,,,,,,,
Middle income,5.1,5.2,5.0,5.1,5.0,5.0,5.0,4.9,4.9,5.3,5.1,5.0,5.1,5.2,5.2,5.2,5.3,5.4,71.9,,,,,,,,,,,,,,,,,,,,,,,,,,,,,,,,,,,,,,,,,,
Macedonia,8.9,8.4,9.0,9.0,8.5,7.7,7.4,6.6,6.6,6.5,6.7,6.5,6.6,6.7,6.3,6.3,6.4,6.1,75.7,,,,,,,,,,,,,,,,,,,,,,,,,,,,,,,,,,,,,,,,,,
Mali,5.6,5.2,5.0,5.2,5.3,5.1,5.3,5.1,4.9,5.1,4.6,3.9,3.7,4.0,4.5,4.1,3.8,3.8,58.9,,,,,,,,,,,,,,,,,,,,,,,,,,,,,,,,,,,,,,,,,,
Malta,6.6,7.0,7.7,7.9,8.1,8.7,8.8,8.2,8.0,8.1,8.2,8.6,8.6,8.8,9.4,9.2,9.2,9.3,82.4,,,,,,,,,,,,,,,,,,,,,,,,,,,,,,,,,,,,,,,,,,
Myanmar,1.8,1.8,2.1,2.0,2.1,2.0,1.9,1.7,1.9,2.0,1.8,1.8,2.3,3.0,4.1,5.2,4.8,4.7,66.9,,,,,,,,,,,,,,,,,,,,,,,,,,,,,,,,,,,,,,,,,,
Middle East & North Africa (excluding high income),4.8,5.1,5.1,5.1,4.8,4.6,4.6,4.6,4.7,5.6,5.5,5.5,5.6,5.3,5.6,6.1,6.5,6.7,73.6,,,,,,,,,,,,,,,,,,,,,,,,,,,,,,,,,,,,,,,,,,
Montenegro,,,,,,,,,,,,,,,,,,,76.8,,,,,,,,,,,,,,,,,,,,,,,,,,,,,,,,,,,,,,,,,,
Mongolia,4.9,4.3,4.4,3.5,3.6,3.8,3.7,4.1,4.6,4.5,3.7,3.6,3.9,4.1,4.2,4.2,4.4,4.0,69.7,,,,,,,,,,,,,,,,,,,,,,,,,,,,,,,,,,,,,,,,,,
Northern Mariana Islands,,,,,,,,,,,,,,,,,,,,,,,,,,,,,,,,,,,,,,,,,,,,,,,,,,,,,,,,,,,,,
Mozambique,3.9,5.1,5.1,5.3,5.0,6.4,6.2,5.5,4.6,5.0,5.1,4.5,5.2,5.4,6.0,5.3,5.1,4.9,60.2,,,,,,,,,,,,,,,,,,,,,,,,,,,,,,,,,,,,,,,,,,
Mauritania,4.7,4.8,5.4,5.3,4.8,4.6,3.5,3.7,3.9,4.0,3.4,3.2,3.4,3.7,4.3,4.7,4.1,4.4,64.7,,,,,,,,,,,,,,,,,,,,,,,,,,,,,,,,,,,,,,,,,,
Mauritius,2.9,3.0,3.2,3.2,3.4,3.6,3.7,3.6,4.0,4.2,4.6,4.3,4.3,4.7,5.5,5.7,5.7,5.7,74.4,,,,,,,,,,,,,,,,,,,,,,,,,,,,,,,,,,,,,,,,,,
Malawi,3.4,3.0,3.8,4.7,5.7,6.1,6.9,7.7,8.6,8.3,7.2,7.5,8.5,11.6,9.7,9.3,9.7,9.6,63.8,,,,,,,,,,,,,,,,,,,,,,,,,,,,,,,,,,,,,,,,,,
Malaysia,2.6,2.7,2.7,3.0,2.9,2.8,3.2,3.1,3.1,3.3,3.2,3.4,3.5,3.6,3.8,3.9,3.8,3.9,76.0,,,,,,,,,,,,,,,,,,,,,,,,,,,,,,,,,,,,,,,,,,
North America,12.2,12.9,13.6,14.1,14.1,14.1,14.2,14.4,14.8,15.9,15.9,15.8,15.8,15.7,15.9,16.3,16.7,16.6,78.9,,,,,,,,,,,,,,,,,,,,,,,,,,,,,,,,,,,,,,,,,,
Namibia,9.8,9.6,9.9,10.0,10.3,10.3,10.2,10.8,9.9,9.0,9.7,9.8,9.5,8.9,8.4,9.9,9.1,8.6,63.4,,,,,,,,,,,,,,,,,,,,,,,,,,,,,,,,,,,,,,,,,,
New Caledonia,,,,,,,,,,,,,,,,,,,77.1,,,,,,,,,,,,,,,,,,,,,,,,,,,,,,,,,,,,,,,,,,
Niger,7.2,7.2,7.3,7.0,7.3,8.2,8.3,7.6,7.4,7.9,6.9,6.6,5.8,5.9,5.9,7.1,6.2,7.7,62.0,,,,,,,,,,,,,,,,,,,,,,,,,,,,,,,,,,,,,,,,,,
Nigeria,3.2,3.2,2.5,5.1,4.6,4.5,4.3,3.9,3.7,3.6,3.3,3.3,3.4,3.4,3.3,3.6,3.6,3.8,54.3,,,,,,,,,,,,,,,,,,,,,,,,,,,,,,,,,,,,,,,,,,
Nicaragua,5.2,5.5,5.7,5.3,6.0,6.1,6.0,6.9,7.0,7.5,7.0,7.4,7.6,7.5,8.0,8.0,8.8,8.6,74.3,,,,,,,,,,,,,,,,,,,,,,,,,,,,,,,,,,,,,,,,,,
Netherlands,7.7,8.1,8.6,9.1,9.1,9.1,9.1,9.1,9.3,10.0,10.2,10.2,10.5,10.6,10.6,10.3,10.3,10.1,81.8,,,,,,,,,,,,,,,,,,,,,,,,,,,,,,,,,,,,,,,,,,
Norway,7.7,8.0,9.0,9.2,8.8,8.3,7.9,8.0,8.0,9.1,8.9,8.8,8.8,8.9,9.3,10.1,10.5,10.4,82.8,,,,,,,,,,,,,,,,,,,,,,,,,,,,,,,,,,,,,,,,,,
Nepal,3.6,4.3,4.5,4.4,4.6,4.5,4.0,4.2,4.4,4.5,5.0,5.1,5.2,5.3,5.8,6.2,6.3,5.6,70.5,,,,,,,,,,,,,,,,,,,,,,,,,,,,,,,,,,,,,,,,,,
Nauru,13.5,14.3,15.6,14.4,11.6,12.6,14.4,25.5,19.5,10.4,10.4,8.2,7.5,8.4,9.1,13.3,13.9,11.0,,,,,,,,,,,,,,,,,,,,,,,,,,,,,,,,,,,,,,,,,,,
New Zealand,7.5,7.6,7.9,7.7,7.9,8.3,8.6,8.3,9.1,9.6,9.6,9.5,9.7,9.4,9.4,9.3,9.3,9.2,81.9,,,,,,,,,,,,,,,,,,,,,,,,,,,,,,,,,,,,,,,,,,
OECD members,9.3,9.8,10.2,10.4,10.4,10.4,10.5,10.5,10.7,11.7,11.6,11.6,11.8,11.9,12.0,12.4,12.6,12.5,80.1,,,,,,,,,,,,,,,,,,,,,,,,,,,,,,,,,,,,,,,,,,
Oman,3.1,3.1,3.2,3.2,3.0,2.6,2.3,2.4,2.0,2.8,2.8,2.5,2.6,2.8,3.5,4.3,4.3,3.8,77.6,,,,,,,,,,,,,,,,,,,,,,,,,,,,,,,,,,,,,,,,,,
Other small states,4.6,4.7,4.9,5.3,5.0,4.6,4.3,4.2,3.8,4.4,4.0,3.6,3.6,3.8,4.0,4.7,4.7,4.6,68.5,,,,,,,,,,,,,,,,,,,,,,,,,,,,,,,,,,,,,,,,,,
Pakistan,2.9,2.7,2.8,2.4,2.3,2.7,3.0,3.1,2.9,2.6,2.6,2.3,2.4,2.6,2.7,2.7,2.9,2.9,67.1,,,,,,,,,,,,,,,,,,,,,,,,,,,,,,,,,,,,,,,,,,
Panama,7.0,7.0,7.1,6.7,7.1,6.2,6.6,6.9,6.8,7.0,7.2,6.6,6.6,6.7,6.9,6.8,7.2,7.3,78.3,,,,,,,,,,,,,,,,,,,,,,,,,,,,,,,,,,,,,,,,,,
Peru,4.5,5.0,5.2,5.1,4.8,4.5,4.5,4.4,4.4,5.0,4.7,4.6,4.8,4.7,5.0,5.0,5.1,5.0,76.5,,,,,,,,,,,,,,,,,,,,,,,,,,,,,,,,,,,,,,,,,,
Philippines,3.2,2.9,2.7,3.2,3.2,3.9,3.9,3.9,4.0,4.4,4.3,4.2,4.4,4.5,4.1,4.3,4.4,4.4,71.1,,,,,,,,,,,,,,,,,,,,,,,,,,,,,,,,,,,,,,,,,,
Palau,8.9,8.0,8.1,9.1,10.0,9.3,9.7,10.0,9.5,10.4,11.6,10.8,11.4,12.0,12.0,10.9,11.8,12.0,,,,,,,,,,,,,,,,,,,,,,,,,,,,,,,,,,,,,,,,,,,
Papua New Guinea,2.0,2.3,2.7,2.4,2.6,2.5,2.4,2.4,2.1,2.3,2.1,2.3,2.7,3.0,3.3,1.9,2.5,2.5,64.3,,,,,,,,,,,,,,,,,,,,,,,,,,,,,,,,,,,,,,,,,,
Poland,5.3,5.7,6.1,6.0,5.9,5.8,5.8,5.9,6.4,6.6,6.4,6.2,6.2,6.4,6.4,6.4,6.5,6.5,77.6,,,,,,,,,,,,,,,,,,,,,,,,,,,,,,,,,,,,,,,,,,
Pre-demographic dividend,3.7,4.1,3.8,4.9,4.8,4.6,4.5,4.4,4.2,4.5,4.1,3.9,3.8,3.9,3.9,4.2,4.2,4.4,60.8,,,,,,,,,,,,,,,,,,,,,,,,,,,,,,,,,,,,,,,,,,
Puerto Rico,,,,,,,,,,,,,,,,,,,79.8,,,,,,,,,,,,,,,,,,,,,,,,,,,,,,,,,,,,,,,,,,
North Korea,,,,,,,,,,,,,,,,,,,72.1,,,,,,,,,,,,,,,,,,,,,,,,,,,,,,,,,,,,,,,,,,
Portugal,8.4,8.4,8.6,8.9,9.3,9.4,9.1,9.1,9.4,9.9,9.8,9.5,9.3,9.1,9.0,9.0,9.0,9.0,81.3,,,,,,,,,,,,,,,,,,,,,,,,,,,,,,,,,,,,,,,,,,
Paraguay,5.5,5.0,4.2,4.3,4.2,4.1,4.2,4.2,4.2,4.5,4.6,5.1,6.5,6.1,6.6,6.7,6.7,6.7,74.1,,,,,,,,,,,,,,,,,,,,,,,,,,,,,,,,,,,,,,,,,,
West Bank,,,,,,,,,,,,,,,,,,,73.9,,,,,,,,,,,,,,,,,,,,,,,,,,,,,,,,,,,,,,,,,,
Pacific island small states,5.1,5.1,5.4,4.9,5.3,5.8,5.5,5.3,5.2,5.6,5.5,5.2,5.1,5.2,5.2,5.1,5.2,5.0,69.9,,,,,,,,,,,,,,,,,,,,,,,,,,,,,,,,,,,,,,,,,,
Post-demographic dividend,9.6,10.0,10.5,10.6,10.6,10.7,10.7,10.7,11.0,11.9,11.9,12.0,12.1,12.3,12.4,12.8,13.0,13.0,80.7,,,,,,,,,,,,,,,,,,,,,,,,,,,,,,,,,,,,,,,,,,
French Polynesia,,,,,,,,,,,,,,,,,,,77.5,,,,,,,,,,,,,,,,,,,,,,,,,,,,,,,,,,,,,,,,,,
Qatar,2.0,2.3,2.5,3.5,3.1,2.6,2.2,2.0,1.6,2.1,1.8,1.6,1.7,2.1,2.4,3.1,3.0,2.6,80.1,,,,,,,,,,,,,,,,,,,,,,,,,,,,,,,,,,,,,,,,,,
Romania,4.2,4.4,4.6,5.4,5.5,5.5,5.1,5.0,5.0,5.3,5.8,4.7,4.7,5.2,5.0,4.9,5.0,5.2,75.4,,,,,,,,,,,,,,,,,,,,,,,,,,,,,,,,,,,,,,,,,,
Russia,5.0,5.2,5.5,5.2,4.8,4.8,4.8,4.8,4.9,5.6,5.0,4.8,4.9,5.1,5.2,5.3,5.3,5.3,72.7,,,,,,,,,,,,,,,,,,,,,,,,,,,,,,,,,,,,,,,,,,
Rwanda,4.3,3.9,3.7,8.0,8.5,8.8,9.1,9.1,8.5,8.5,8.6,8.4,8.3,6.8,6.9,6.5,6.8,6.6,68.7,,,,,,,,,,,,,,,,,,,,,,,,,,,,,,,,,,,,,,,,,,
South Asia,3.7,3.9,3.9,3.7,3.7,3.6,3.5,3.5,3.5,3.4,3.2,3.2,3.3,3.6,3.5,3.5,3.4,3.5,69.4,,,,,,,,,,,,,,,,,,,,,,,,,,,,,,,,,,,,,,,,,,
Saudi Arabia,4.2,4.5,4.2,4.0,3.6,3.4,3.6,3.6,3.0,4.3,3.6,3.7,4.0,4.5,5.2,6.0,5.8,5.2,75.0,,,,,,,,,,,,,,,,,,,,,,,,,,,,,,,,,,,,,,,,,,
Sudan,3.6,3.4,3.3,3.9,4.2,4.1,4.9,5.7,5.4,6.4,5.1,5.6,5.7,7.0,5.7,7.2,6.4,6.3,65.1,,,,,,,,,,,,,,,,,,,,,,,,,,,,,,,,,,,,,,,,,,
Senegal,3.6,3.9,4.1,4.3,4.5,3.7,3.7,3.3,3.5,3.8,4.0,4.2,4.2,4.4,4.4,4.4,4.3,4.1,67.7,,,,,,,,,,,,,,,,,,,,,,,,,,,,,,,,,,,,,,,,,,
Singapore,3.4,3.2,3.4,3.6,3.2,3.0,3.0,2.9,3.2,3.4,3.2,3.2,3.4,3.7,3.9,4.2,4.4,4.4,83.1,,,,,,,,,,,,,,,,,,,,,,,,,,,,,,,,,,,,,,,,,,
Solomon Islands,5.3,7.0,10.8,7.9,8.6,10.1,9.3,8.7,8.1,7.9,7.3,7.1,5.6,5.5,5.9,5.2,5.2,4.7,72.8,,,,,,,,,,,,,,,,,,,,,,,,,,,,,,,,,,,,,,,,,,
Sierra Leone,11.5,11.0,11.4,10.8,11.0,11.0,10.4,10.0,9.9,11.1,10.9,13.3,10.6,11.6,19.7,20.4,16.5,13.4,54.3,,,,,,,,,,,,,,,,,,,,,,,,,,,,,,,,,,,,,,,,,,
El Salvador,8.9,8.8,8.8,8.4,8.5,8.4,7.9,7.6,7.7,8.4,8.2,8.1,7.5,7.7,7.7,7.6,7.7,7.2,73.1,,,,,,,,,,,,,,,,,,,,,,,,,,,,,,,,,,,,,,,,,,
San Marino,5.3,5.1,5.0,4.4,4.9,4.9,5.0,5.1,5.4,6.3,6.6,7.4,8.0,7.7,7.6,7.4,6.8,7.4,,,,,,,,,,,,,,,,,,,,,,,,,,,,,,,,,,,,,,,,,,,
Somalia,,,,,,,,,,,,,,,,,,,57.1,,,,,,,,,,,,,,,,,,,,,,,,,,,,,,,,,,,,,,,,,,
Republic of Serbia,6.5,6.9,8.1,8.1,8.2,8.3,8.5,9.4,9.5,9.3,9.5,9.1,9.3,9.3,9.2,8.8,8.6,8.4,75.9,,,,,,,,,,,,,,,,,,,,,,,,,,,,,,,,,,,,,,,,,,
Sub-Saharan Africa (excluding high income),5.1,5.3,4.8,5.6,5.6,5.4,5.3,5.1,4.9,5.3,5.3,5.1,5.0,5.0,4.9,5.1,5.1,5.1,61.3,,,,,,,,,,,,,,,,,,,,,,,,,,,,,,,,,,,,,,,,,,
South Sudan,,,,,,,,,,,,,,,,,,9.8,57.6,,,,,,,,,,,,,,,,,,,,,,,,,,,,,,,,,,,,,,,,,,
Sub-Saharan Africa,5.1,5.3,4.7,5.6,5.6,5.4,5.3,5.1,4.9,5.3,5.2,5.1,5.0,5.0,4.9,5.1,5.1,5.1,61.3,,,,,,,,,,,,,,,,,,,,,,,,,,,,,,,,,,,,,,,,,,
Small states,4.7,4.7,4.9,5.1,5.0,4.7,4.4,4.4,4.0,4.6,4.2,3.9,3.9,4.1,4.2,4.8,5.0,4.8,69.5,,,,,,,,,,,,,,,,,,,,,,,,,,,,,,,,,,,,,,,,,,
Sao Tome and Principe,10.5,10.8,10.7,12.6,11.9,11.5,8.3,8.2,7.1,7.2,6.8,6.8,6.5,7.9,6.7,5.4,6.2,6.2,70.2,,,,,,,,,,,,,,,,,,,,,,,,,,,,,,,,,,,,,,,,,,
Suriname,6.3,4.1,5.7,5.2,5.8,5.6,6.3,5.6,5.1,5.3,5.0,4.7,4.6,4.8,4.8,6.2,6.3,6.2,71.6,,,,,,,,,,,,,,,,,,,,,,,,,,,,,,,,,,,,,,,,,,
Slovakia,5.3,5.3,5.5,5.5,6.4,6.6,6.9,7.2,7.0,8.0,7.8,7.4,7.6,7.5,6.9,6.8,7.1,6.7,77.3,,,,,,,,,,,,,,,,,,,,,,,,,,,,,,,,,,,,,,,,,,
Slovenia,7.8,7.9,8.0,8.1,7.9,8.0,7.8,7.5,7.8,8.6,8.6,8.6,8.8,8.8,8.5,8.5,8.5,8.2,81.4,,,,,,,,,,,,,,,,,,,,,,,,,,,,,,,,,,,,,,,,,,
Sweden,7.4,8.0,8.3,8.5,8.3,8.3,8.2,8.1,8.3,8.9,8.5,10.7,10.9,11.1,11.1,11.0,11.0,11.0,82.6,,,,,,,,,,,,,,,,,,,,,,,,,,,,,,,,,,,,,,,,,,
Swaziland,4.6,5.1,5.5,6.4,6.8,7.4,7.8,7.9,8.9,8.6,8.6,8.5,7.9,7.5,7.3,7.1,6.8,6.9,59.4,,,,,,,,,,,,,,,,,,,,,,,,,,,,,,,,,,,,,,,,,,
Sint Maarten (Dutch part),,,,,,,,,,,,,,,,,,,,,,,,,,,,,,,,,,,,,,,,,,,,,,,,,,,,,,,,,,,,,
Seychelles,4.6,5.4,4.6,5.4,5.2,5.0,4.7,4.1,4.0,3.9,4.8,4.8,5.7,4.5,4.7,4.6,5.2,5.0,72.8,,,,,,,,,,,,,,,,,,,,,,,,,,,,,,,,,,,,,,,,,,
Syria,4.3,4.5,4.5,5.1,4.5,4.1,3.8,3.7,3.4,3.5,3.3,3.3,3.6,,,,,,71.8,,,,,,,,,,,,,,,,,,,,,,,,,,,,,,,,,,,,,,,,,,
Turks and Caicos Islands,,,,,,,,,,,,,,,,,,,,,,,,,,,,,,,,,,,,,,,,,,,,,,,,,,,,,,,,,,,,,
Chad,5.5,5.3,7.3,5.5,5.5,4.8,4.9,4.3,4.1,4.4,4.1,3.9,3.9,4.1,4.3,4.5,5.0,4.5,54.0,,,,,,,,,,,,,,,,,,,,,,,,,,,,,,,,,,,,,,,,,,
East Asia & Pacific (IDA & IBRD countries),4.0,3.9,3.9,4.0,3.9,3.9,3.7,3.6,3.7,4.1,4.0,4.1,4.3,4.5,4.6,4.7,4.8,4.9,75.2,,,,,,,,,,,,,,,,,,,,,,,,,,,,,,,,,,,,,,,,,,
Europe & Central Asia (IDA & IBRD countries),5.0,5.3,5.6,5.5,5.3,5.3,5.3,5.2,5.3,5.9,5.4,5.1,5.2,5.2,5.3,5.3,5.4,5.4,74.0,,,,,,,,,,,,,,,,,,,,,,,,,,,,,,,,,,,,,,,,,,
Togo,3.3,3.4,3.4,3.5,3.7,4.0,4.2,4.4,4.4,5.0,5.9,6.0,6.1,6.3,6.4,6.2,6.6,6.2,60.8,,,,,,,,,,,,,,,,,,,,,,,,,,,,,,,,,,,,,,,,,,
Thailand,3.1,3.0,3.3,3.2,3.1,3.2,3.1,3.2,3.5,3.6,3.4,3.6,3.5,3.5,3.7,3.7,3.8,3.7,76.9,,,,,,,,,,,,,,,,,,,,,,,,,,,,,,,,,,,,,,,,,,
Tajikistan,4.3,4.6,4.4,4.7,4.8,5.2,5.0,5.5,5.9,5.9,5.7,5.9,6.0,6.5,6.7,6.9,7.0,7.2,70.9,,,,,,,,,,,,,,,,,,,,,,,,,,,,,,,,,,,,,,,,,,
Turkmenistan,6.9,8.1,7.0,8.5,10.6,9.6,8.4,5.3,5.9,4.8,5.0,4.9,4.8,5.2,5.5,6.3,6.6,6.9,68.1,,,,,,,,,,,,,,,,,,,,,,,,,,,,,,,,,,,,,,,,,,
Latin America & the Caribbean (IDA & IBRD countries),6.6,6.7,6.5,6.7,6.8,6.7,6.9,7.0,6.9,7.5,7.2,7.1,7.1,7.2,7.3,7.7,7.6,8.0,75.4,,,,,,,,,,,,,,,,,,,,,,,,,,,,,,,,,,,,,,,,,,
Timor-Leste,,,,2.6,1.7,1.3,1.0,1.1,1.0,1.7,1.4,1.3,1.2,1.7,2.4,3.5,4.0,3.9,69.3,,,,,,,,,,,,,,,,,,,,,,,,,,,,,,,,,,,,,,,,,,
Middle East & North Africa (IDA & IBRD countries),4.8,5.1,5.1,5.1,4.8,4.6,4.6,4.6,4.7,5.6,5.5,5.5,5.6,5.3,5.6,6.1,6.5,6.7,73.6,,,,,,,,,,,,,,,,,,,,,,,,,,,,,,,,,,,,,,,,,,
Tonga,2.9,3.3,3.5,3.5,4.5,4.2,5.5,4.6,6.1,3.9,4.7,3.9,5.1,4.2,5.1,4.7,5.2,5.3,70.8,,,,,,,,,,,,,,,,,,,,,,,,,,,,,,,,,,,,,,,,,,
South Asia (IDA & IBRD),3.7,3.9,3.9,3.7,3.7,3.6,3.5,3.5,3.5,3.4,3.2,3.2,3.3,3.6,3.5,3.5,3.4,3.5,69.4,,,,,,,,,,,,,,,,,,,,,,,,,,,,,,,,,,,,,,,,,,
Sub-Saharan Africa (IDA & IBRD countries),5.1,5.3,4.7,5.6,5.6,5.4,5.3,5.1,4.9,5.3,5.2,5.1,5.0,5.0,4.9,5.1,5.1,5.1,61.3,,,,,,,,,,,,,,,,,,,,,,,,,,,,,,,,,,,,,,,,,,
Trinidad and Tobago,4.2,4.0,4.7,4.2,4.3,4.4,4.2,4.2,3.7,5.5,5.1,4.7,4.9,5.0,5.2,6.0,6.9,7.0,73.4,,,,,,,,,,,,,,,,,,,,,,,,,,,,,,,,,,,,,,,,,,
Tunisia,5.0,5.1,5.4,5.5,5.5,5.4,5.4,5.4,5.4,5.7,5.9,6.4,6.6,6.9,6.8,7.0,7.0,7.2,76.5,,,,,,,,,,,,,,,,,,,,,,,,,,,,,,,,,,,,,,,,,,
Turkey,4.6,4.9,5.1,5.1,5.0,4.9,5.2,5.3,5.3,5.5,5.1,4.7,4.5,4.4,4.3,4.1,4.3,4.2,77.4,,,,,,,,,,,,,,,,,,,,,,,,,,,,,,,,,,,,,,,,,,
Tuvalu,24.2,19.2,13.3,15.4,10.6,11.4,13.4,11.3,10.7,14.4,16.4,15.4,15.3,18.1,16.9,16.7,16.9,17.1,,,,,,,,,,,,,,,,,,,,,,,,,,,,,,,,,,,,,,,,,,,
United Republic of Tanzania,3.4,4.2,4.7,5.3,5.7,6.4,7.7,7.0,5.6,5.1,5.3,5.1,5.0,4.6,4.0,3.6,4.0,3.6,65.0,,,,,,,,,,,,,,,,,,,,,,,,,,,,,,,,,,,,,,,,,,
Uganda,7.6,8.3,8.8,8.7,10.3,11.4,11.8,11.7,10.4,9.7,10.5,8.9,7.9,7.2,7.0,6.5,6.3,6.2,63.0,,,,,,,,,,,,,,,,,,,,,,,,,,,,,,,,,,,,,,,,,,
Ukraine,5.3,5.7,6.0,6.5,6.2,6.3,6.4,6.0,5.5,6.6,6.8,6.8,7.1,7.4,6.6,6.9,6.8,7.0,71.6,,,,,,,,,,,,,,,,,,,,,,,,,,,,,,,,,,,,,,,,,,
Upper middle income,5.4,5.4,5.3,5.3,5.2,5.2,5.2,5.1,5.1,5.6,5.3,5.3,5.3,5.3,5.4,5.5,5.6,5.7,75.3,,,,,,,,,,,,,,,,,,,,,,,,,,,,,,,,,,,,,,,,,,
Uruguay,10.0,10.6,10.5,10.4,9.0,8.4,8.4,8.1,8.8,8.6,8.6,8.6,8.8,8.8,8.8,9.0,9.2,9.3,77.8,,,,,,,,,,,,,,,,,,,,,,,,,,,,,,,,,,,,,,,,,,
United States of America,12.5,13.2,14.0,14.5,14.5,14.5,14.7,14.9,15.3,16.3,16.4,16.4,16.4,16.3,16.5,16.8,17.2,17.1,78.5,,,,,,,,,,,,,,,,,,,,,,,,,,,,,,,,,,,,,,,,,,
Uzbekistan,5.4,5.5,5.3,5.4,5.1,5.0,5.1,4.9,5.1,5.3,5.6,5.7,6.1,6.0,5.7,6.1,6.3,6.4,71.6,,,,,,,,,,,,,,,,,,,,,,,,,,,,,,,,,,,,,,,,,,
St. Vincent and the Grenadines,4.3,4.3,4.3,4.2,4.1,4.0,3.8,4.2,4.1,4.3,4.6,4.5,4.7,4.6,4.4,4.3,4.3,4.5,72.4,,,,,,,,,,,,,,,,,,,,,,,,,,,,,,,,,,,,,,,,,,
Venezuela,7.3,7.9,7.7,7.5,6.8,6.1,8.1,7.8,6.4,7.5,6.8,7.2,6.4,5.6,5.8,5.1,3.2,1.2,72.1,,,,,,,,,,,,,,,,,,,,,,,,,,,,,,,,,,,,,,,,,,
British Virgin Islands,,,,,,,,,,,,,,,,,,,,,,,,,,,,,,,,,,,,,,,,,,,,,,,,,,,,,,,,,,,,,
Virgin Islands (U.S.),,,,,,,,,,,,,,,,,,,79.6,,,,,,,,,,,,,,,,,,,,,,,,,,,,,,,,,,,,,,,,,,
Vietnam,4.8,5.7,4.6,4.7,4.8,5.1,5.4,5.5,5.1,5.3,6.0,5.9,6.3,6.3,5.8,5.7,5.7,5.5,75.3,,,,,,,,,,,,,,,,,,,,,,,,,,,,,,,,,,,,,,,,,,
Vanuatu,3.3,3.4,3.9,3.5,3.5,3.3,3.3,3.0,3.0,3.2,3.4,3.5,3.8,4.2,3.5,4.2,3.7,3.3,70.3,,,,,,,,,,,,,,,,,,,,,,,,,,,,,,,,,,,,,,,,,,
World,8.6,9.0,9.3,9.5,9.4,9.3,9.2,9.0,9.1,9.8,9.5,9.4,9.4,9.4,9.5,9.8,10.0,9.9,72.6,,,,,,,,,,,,,,,,,,,,,,,,,,,,,,,,,,,,,,,,,,
Samoa,4.4,3.9,4.6,4.3,4.6,4.8,5.0,4.9,4.7,5.4,5.5,5.4,4.8,6.2,6.2,5.7,5.5,5.5,73.2,,,,,,,,,,,,,,,,,,,,,,,,,,,,,,,,,,,,,,,,,,
Kosovo,,,,,,,,,,,,,,,,,,,72.2,,,,,,,,,,,,,,,,,,,,,,,,,,,,,,,,,,,,,,,,,,
Yemen,4.7,4.9,4.8,5.8,5.5,5.2,5.5,5.8,5.8,6.0,5.2,4.8,5.2,5.0,4.8,4.2,,,66.1,,,,,,,,,,,,,,,,,,,,,,,,,,,,,,,,,,,,,,,,,,
South Africa,7.4,7.5,6.9,6.9,6.8,6.7,6.6,6.4,6.5,7.1,7.4,7.5,7.8,7.7,7.9,8.2,8.1,8.1,63.9,,,,,,,,,,,,,,,,,,,,,,,,,,,,,,,,,,,,,,,,,,
Zambia,7.2,6.6,6.8,7.2,7.0,6.9,5.9,4.4,4.0,4.4,3.7,3.5,3.9,4.7,3.8,4.4,4.5,4.5,63.5,,,,,,,,,,,,,,,,,,,,,,,,,,,,,,,,,,,,,,,,,,
Zimbabwe,,,,,,,,,,,,,,,,,,,61.2,,,,,,,,,,,,,,,,,,,,,,,,,,,,,,,,,,,10.66562235,7.694132626,6.479788572,6.552113593,7.869769633,7.452066243,7.652104646,6.635916233
Western Sahara,,,,,,,,,,,,,,,,,,,,,,,,,,,,,,,,,,,,,,,,,,,,,,,,,,,,,,,,,,,,,
Somaliland,,,,,,,,,,,,,,,,,,,,,,,,,,,,,,,,,,,,,,,,,,,,,,,,,,,,,,,,,,,,,
